Comment,Designator,Footprint,LCSC
"0.1uF","C1,C2,C3,C4,C6,C7,C8,C9,C11,C12","Capacitor_SMD:C_0603_1608Metric","C14663"
"1uF","C13,C14","Capacitor_SMD:C_0603_1608Metric","C15849"
"22pF","C15,C16,C17,C18","Capacitor_SMD:C_0603_1608Metric","C1653"
"4.7uF","C5,C10","Capacitor_SMD:C_0603_1608Metric","C19666"
"WS2812B","D1,D2","LED_SMD:LED_WS2812B_PLCC4_5.0x5.0mm_P3.2mm","C2761795"
"1N4148","D3,D4,D5,D6,D7,D8,D9,D10,D11,D12,D13,D14,D15,D16,D17,D18,D19,D20,D21,D22,D23,D24,D25,D26,D27,D28,D29,D30,D31,D32,D33,D34,D35,D36,D37,D38,D39,D40,D41,D42,D43,D44,D45,D46,D47,D48,D49,D50,D53,D54,D55,D56,D57,D58,D59,D60,D61,D62,D63,D64,D65,D66,D67,D68,D69,D70,D71,D72,D73,D74,D75,D76,D77,D78,D79,D80","Diode_SMD:D_SOD-123","C64898"
"500mA","F1,F2","Fuse:Fuse_1206_3216Metric","C151162"
"BB_LOGO","G1,G5","Graphic:Blackbeard",""
"MAKO","G2,G6","Graphics:Mako",""
"NOT_A_PHONE","G3,G4","Graphic:NotAPhoneLine",""
"MountingHole","H1,H2,H3,H4,H5,H6,H7,H8,H9,H10,H11,H12,H13,H14,H15,H16,H17,H18,H19,H20","MountingHole:MountingHole_3.2mm_M3_Pad_Via_Reinforced",""
"USB_C_Receptacle_USB2.0","J1,J6","Connector_USB:USB_C_Receptacle_HRO_TYPE-C-31-M-12","C2765186"
"LEFT","J2","Connector_RJ:RJ14_Connfly_DS1133-S4_Horizontal",""
"RIGHT","J3","Connector_RJ:RJ14_Connfly_DS1133-S4_Horizontal",""
"OLED1","J4","OLED:SSD1306-0.91-OLED-4pin-128x32",""
"OLED2","J5","OLED:SSD1306-0.91-OLED-4pin-128x32",""
"Speaker","LS1,LS2","Buzzer_Beeper:Buzzer_Mallory_AST1109MLTRQ","C391036"
"2N3904","Q1,Q2","Package_TO_SOT_SMD:SOT-23","C20526"
"5.1K","R1,R2,R15,R16","Resistor_SMD:R_0603_1608Metric","C23186"
"1K","R10,R11,R13,R14","Resistor_SMD:R_0603_1608Metric","C21191"
"10K","R3,R4,R9,R12","Resistor_SMD:R_0603_1608Metric","C25804"
"22R","R5,R6,R7,R8","Resistor_SMD:R_0603_1608Metric","C23345"
"6","SW11","MX_Alps_Hybrid:MX-1U-NoLED",""
"7","SW12","MX_Alps_Hybrid:MX-1U-NoLED",""
"8","SW13","MX_Alps_Hybrid:MX-1U-NoLED",""
"9","SW14","MX_Alps_Hybrid:MX-1U-NoLED",""
"0","SW15","MX_Alps_Hybrid:MX-1U-NoLED",""
"DASH","SW16","MX_Alps_Hybrid:MX-1.5U-NoLED",""
"DEL","SW17","MX_Alps_Hybrid:MX-1.5U-NoLED",""
"Q","SW18","MX_Alps_Hybrid:MX-1U-NoLED",""
"W","SW19","MX_Alps_Hybrid:MX-1U-NoLED",""
"RESET","SW1,SW2","Button_Switch_SMD:SW_SPST_TL3342","C778174"
"E","SW20","MX_Alps_Hybrid:MX-1U-NoLED",""
"R","SW21","MX_Alps_Hybrid:MX-1U-NoLED",""
"T","SW22","MX_Alps_Hybrid:MX-1U-NoLED",""
"LAYER_DOWN","SW23,SW24","MX_Alps_Hybrid:MX-1.5U-Vertical",""
"Y","SW25","MX_Alps_Hybrid:MX-1U-NoLED",""
"U","SW26","MX_Alps_Hybrid:MX-1U-NoLED",""
"I","SW27","MX_Alps_Hybrid:MX-1U-NoLED",""
"O","SW28","MX_Alps_Hybrid:MX-1U-NoLED",""
"P","SW29","MX_Alps_Hybrid:MX-1U-NoLED",""
"EQUAL","SW3","MX_Alps_Hybrid:MX-1.5U-NoLED",""
"BKSL","SW30","MX_Alps_Hybrid:MX-1.5U-NoLED",""
"BKSP","SW31","MX_Alps_Hybrid:MX-1.5U-NoLED",""
"A","SW32","MX_Alps_Hybrid:MX-1U-NoLED",""
"S","SW33","MX_Alps_Hybrid:MX-1U-NoLED",""
"D","SW34","MX_Alps_Hybrid:MX-1U-NoLED",""
"F","SW35","MX_Alps_Hybrid:MX-1U-NoLED",""
"G","SW36","MX_Alps_Hybrid:MX-1U-NoLED",""
"FN0","SW37","MX_Alps_Hybrid:MX-1.5U-Vertical",""
"FN3","SW38","MX_Alps_Hybrid:MX-1.5U-Vertical",""
"H","SW39","MX_Alps_Hybrid:MX-1U-NoLED",""
"1","SW4","MX_Alps_Hybrid:MX-1U-NoLED",""
"J","SW40","MX_Alps_Hybrid:MX-1U-NoLED",""
"K","SW41","MX_Alps_Hybrid:MX-1U-NoLED",""
"L","SW42","MX_Alps_Hybrid:MX-1U-NoLED",""
"COLON","SW43","MX_Alps_Hybrid:MX-1U-NoLED",""
"RWIN","SW44","MX_Alps_Hybrid:MX-1.5U-NoLED",""
"LSHIFT","SW45","MX_Alps_Hybrid:MX-1.5U-NoLED",""
"Z","SW46","MX_Alps_Hybrid:MX-1U-NoLED",""
"X","SW47","MX_Alps_Hybrid:MX-1U-NoLED",""
"C","SW48","MX_Alps_Hybrid:MX-1U-NoLED",""
"V","SW49","MX_Alps_Hybrid:MX-1U-NoLED",""
"2","SW5","MX_Alps_Hybrid:MX-1U-NoLED",""
"B","SW50","MX_Alps_Hybrid:MX-1U-NoLED",""
"N","SW53","MX_Alps_Hybrid:MX-1U-NoLED",""
"M","SW54","MX_Alps_Hybrid:MX-1U-NoLED",""
"COMMA","SW55","MX_Alps_Hybrid:MX-1U-NoLED",""
"PERIOD","SW56","MX_Alps_Hybrid:MX-1U-NoLED",""
"SLASH","SW57","MX_Alps_Hybrid:MX-1U-NoLED",""
"RSHIFT","SW58","MX_Alps_Hybrid:MX-1.5U-NoLED",""
"GRAVE","SW59","MX_Alps_Hybrid:MX-1U-NoLED",""
"3","SW6","MX_Alps_Hybrid:MX-1U-NoLED",""
"LALT","SW60,SW66","MX_Alps_Hybrid:MX-1U-NoLED",""
"SHIT","SW61","MX_Alps_Hybrid:MX-1U-NoLED",""
"LEFT","SW62","MX_Alps_Hybrid:MX-1U-NoLED",""
"RIGHT","SW63","MX_Alps_Hybrid:MX-1U-NoLED",""
"MENU","SW64","MX_Alps_Hybrid:MX-1U-NoLED",""
"LWIN","SW65","MX_Alps_Hybrid:MX-1U-NoLED",""
"ESC","SW67","MX_Alps_Hybrid:MX-1U-NoLED",""
"TAB","SW68","MX_Alps_Hybrid:MX-1.5U-Vertical",""
"LBRK","SW69","MX_Alps_Hybrid:MX-1U-NoLED",""
"4","SW7","MX_Alps_Hybrid:MX-1U-NoLED",""
"RBRK","SW70","MX_Alps_Hybrid:MX-1U-NoLED",""
"ENTER","SW71","MX_Alps_Hybrid:MX-2U-Vertical-NoLED",""
"ARSE","SW72","MX_Alps_Hybrid:MX-1U-NoLED",""
"SPACE","SW73","MX_Alps_Hybrid:MX-2U-Vertical-NoLED",""
"BKSP","SW74","MX_Alps_Hybrid:MX-1.5U-Vertical",""
"HOME","SW75","MX_Alps_Hybrid:MX-1U-NoLED",""
"END","SW76","MX_Alps_Hybrid:MX-1U-NoLED",""
"PGUP","SW77","MX_Alps_Hybrid:MX-1U-NoLED",""
"PGDN","SW78","MX_Alps_Hybrid:MX-1U-NoLED",""
"UP","SW79","MX_Alps_Hybrid:MX-1U-NoLED",""
"5","SW8","MX_Alps_Hybrid:MX-1U-NoLED",""
"DOWN","SW80","MX_Alps_Hybrid:MX-1U-NoLED",""
"LAYER_UP","SW9,SW10","MX_Alps_Hybrid:MX-1U-NoLED",""
"SRV05-4","U1,U3","Package_TO_SOT_SMD:SOT-23-6","C85364"
"ATmega32U4-MU","U2,U4","Package_DFN_QFN:QFN-44-1EP_7x7mm_P0.5mm_EP5.2x5.2mm","C112161"
"16MHz","Y1,Y2","Crystal:Crystal_SMD_3225-4Pin_3.2x2.5mm","C13738"