Comment,Designator,Footprint,LCSC
"0.1uF","C1,C2,C3,C4,C8","Capacitor_SMD:C_0805_2012Metric","C49678"
"4.7uF","C5","Capacitor_SMD:C_0805_2012Metric","C1744"
"22p","C6,C7","Capacitor_SMD:C_0805_2012Metric","C1804"
"1uF","C9","Capacitor_SMD:C_0805_2012Metric","C28323"
"1N4148","D1,D2,D3,D4,D5,D6,D7,D8,D9,D10,D11,D12,D13,D14,D15,D16,D17,D18,D19,D20,D21,D22,D23,D24,D25,D26,D27,D28,D29,D30,D31,D32,D33,D34,D35,D36,D37,D38,D39,D40,D41,D42,D43,D44,D45,D46,D47,D48,D49,D50,D51,D52,D53,D54,D55,D56,D57,D58,D59,D60,D61,D62,D63,D64,D65,D66,D67,D68,D69,D70,D71,D72,D73,D74,D75,D76,D77,D78,D79,D80,D81,D82,D83,D84,D85,D86,D87,D88,D89,D90,D91,D92,D93,D94,D95,D96,D97,D98,D99,D100,D101,D102,D103,D104,D105,D106,D107,D108","Diode_SMD:D_SOD-123","C81598"
"NUM","D122","LED_SMD:LED_1206_3216Metric","C84258"
"CAPS","D123","LED_SMD:LED_1206_3216Metric","C84258"
"SCRL","D124","LED_SMD:LED_1206_3216Metric","C84258"
"500mA 5V","F1","Fuse:Fuse_1206_3216Metric","C20985"
"LUNA","G1,G2","Graphics:logo",""
"BLACKBEARD","G103","Graphics:star2",""
"LDAR","G104","Graphics:LoveDeathAndRobots",""
"CIRC_L","G105,G106","Graphics:star2",""
"STAR_XL","G107","Graphics:star1",""
"RHYTHM","G108","Graphics:Rhythmloid_18mm",""
"CORVUS","G14","Graphics:Corvus",""
"NEGIBEAR","G15","Graphics:NegiBear2_18mm",""
"DIGGY","G26","Graphics:Diggy_New_18mm",""
"NESSKAIN","G27","Graphics:Nesskain18mm",""
"STAR_S","G7,G8,G9,G10,G11,G12,G13,G16,G17,G18,G19,G20,G21,G22,G23,G24,G25,G28,G29,G30,G31,G32,G33,G34,G35,G36,G37","Graphics:star4",""
"CAT","G3","Graphics:cat",""
"NYAAR","G38","Graphics:Nyaarr_18mm",""
"GAMERZ","G39","Graphics:Gamerz_Optim2_18mm",""
"WEEE","G4","Symbol:WEEE-Logo_4.2x6mm_SilkScreen",""
"SHIELDMAIDEN","G40","Graphics:Shieldmaiden_18mm",""
"HILL","G5","Graphics:Hill",""
"8FOLD","G51","Graphics:8fold2_18mm",""
"GGUPPY","G52","Graphics:GGuppy_18mm",""
"WHATTHEDUCK","G53","Graphics:LtRein",""
"STAR_M","G41,G42,G43,G44,G45,G46,G47,G48,G49,G50,G54,G55,G56,G57,G58,G59,G60,G61,G62","Graphics:star3",""
"KICAD","G6","Symbol:KiCad-Logo_5mm_SilkScreen",""
"ANGUS","G63","Graphics:Angus_18mm",""
"GHOSTSHIP","G64","Graphics:GSG_Optim2_18mm",""
"GABEL160","G65","Graphics:star6",""
"STAR_L","G66,G67,G68","Graphics:star2",""
"B3ATLOAF","G69","Graphics:b3atloaf_18mm",""
"HACKERAXE","G70","Graphics:HackerAxe",""
"WHIMSYWIMP","G71","Graphics:Whimsywimp_18mm",""
"CIRC_S","G72,G73,G74,G75,G76,G77,G78,G79,G80,G83,G84,G85,G86,G87,G88,G89,G90,G91,G102","Graphics:star6",""
"BANDELP","G81","Graphics:BandelpNew_18mm",""
"HOKUPROPS","G82","Graphics:HokuProps_Thicker_18mm",""
"BIGCLIVE","G92","Graphics:BigClive",""
"JLC","G93","Graphics:JLCPCB",""
"CIRC_M","G94,G95,G96,G97,G98,G99,G100,G101","Graphics:star5",""
"USB_B","J1","Connector_USB:USB_B_OST_USB-B1HSxx_Horizontal","C46393"
"ICSP","J2","Connector_PinSocket_2.54mm:PinSocket_2x03_P2.54mm_Vertical","XXX"
"Speaker","LS1","Buzzer_Beeper:Buzzer_Mallory_AST1109MLTRQ","C391036"
"MountingHole","MH1,MH2,MH3,MH4,MH5,MH6,MH7,MH8,MH9,MH10,MH11,MH12,MH13,MH14,MH15,MH16,MH17","MountingHole:MountingHole_3.2mm_M3_Pad_Via_Reinforced",""
"MMBT3904","Q1","Package_TO_SOT_SMD:SOT-23","C20526"
"1K","R1,R2,R3,R8,R9","Resistor_SMD:R_0805_2012Metric","C17513"
"10K","R4,R7","Resistor_SMD:R_0805_2012Metric","C17414"
"22R","R5,R6","Resistor_SMD:R_0805_2012Metric","C17561"
"KEY","SW1,SW2,SW3,SW4,SW5,SW6,SW7,SW8,SW9,SW10,SW11,SW12,SW13,SW14,SW15,SW16,SW17,SW18,SW19,SW20,SW21,SW22,SW24,SW25,SW26,SW27,SW28,SW29,SW30,SW31,SW32,SW33,SW35,SW36,SW37,SW38,SW39,SW40,SW41,SW42,SW43,SW44,SW46,SW47,SW48,SW49,SW50,SW51,SW52,SW53,SW54,SW55,SW64,SW65,SW66,SW67,SW68,SW69,SW70,SW71,SW72,SW73,SW74,SW75,SW76,SW77,SW78,SW79,SW81,SW82,SW83,SW84,SW85,SW86,SW87,SW89,SW90,SW92,SW93,SW94,SW95,SW96,SW97,SW98,SW100,SW103,SW104,SW105,SW106,SW108","MX_Alps_Hybrid:MX-1U-NoLED","XXX"
"KEY","SW102","MX_Alps_Hybrid:MX-2.75U-NoLED","XXX"
"RESET","SW122","Button_Switch_SMD:SW_SPST_TL3342","C2886898"
"KEY","SW23,SW91","MX_Alps_Hybrid:MX-1.5U-NoLED","XXX"
"KEY","SW34","MX_Alps_Hybrid:MX-1.75U-NoLED","XXX"
"KEY","SW45,SW101","MX_Alps_Hybrid:MX-2.25U-NoLED","XXX"
"KEY","SW56,SW57,SW58,SW60,SW61,SW62,SW63","MX_Alps_Hybrid:MX-1.25U-NoLED","XXX"
"KEY","SW59","MX_Alps_Hybrid:MX-6.25U-NoLED","XXX"
"KEY","SW80,SW107","MX_Alps_Hybrid:MX-2U-NoLED","XXX"
"KEY","SW88,SW99","MX_Alps_Hybrid:MX-2U-Vertical-NoLED","XXX"
"ATmega32U4-AU","U1","Package_QFP:TQFP-44_10x10mm_P0.8mm","C44854"
"ATmega32U4-MU","U1A1","Package_DFN_QFN:QFN-44-1EP_7x7mm_P0.5mm_EP5.2x5.2mm","C45874"
"SRV05-4","U2","Package_TO_SOT_SMD:SOT-23-6","C85364"
"16MHz","Y1","Crystal:Crystal_SMD_3225-4Pin_3.2x2.5mm","C13738"